Mean,95% CI Lower,95% CI Upper
-5.718886244089912,-11.944462827037945,0.26658054616305304
